input,time
2000,4131.094283015723
4000,4435.146531848107
6000,4668.280801496324
8000,4767.405450075696
