input,time
2000,4189.588921606756
4000,5255.6406011278095
6000,4639.280653345432
8000,4692.041320018334
