input,time
2000,2310.0536696483136
4000,2536.878274396511
6000,2735.680179262579
8000,2815.8539007486215
