input,time
2000,10408.267348186011
4000,12475.96730464735
6000,15373.036463638215
8000,15972.825789247074
